created_time,sentiment_score,sentiment_category,textblob_polarity,vader_compound,financial_positive,financial_negative
2010-02-21,-0.14268779314100083,neutral,0.10437968177655677,-0.5866428571428572,0.16441692411899567,0.15446112677454946
2010-02-28,0.024833854092011855,neutral,0.03305555555555557,0.05653333333333333,0.06862666209538773,0.07884072496866183
2010-03-07,,neutral,,,,
2010-03-14,,neutral,,,,
2010-03-21,,neutral,,,,
2010-03-28,,neutral,,,,
2010-04-04,,neutral,,,,
2010-04-11,,neutral,,,,
2010-04-18,,neutral,,,,
2010-04-25,,neutral,,,,
2010-05-02,,neutral,,,,
2010-05-09,,neutral,,,,
2010-05-16,,neutral,,,,
2010-05-23,,neutral,,,,
2010-05-30,,neutral,,,,
2010-06-06,,neutral,,,,
2010-06-13,,neutral,,,,
2010-06-20,,neutral,,,,
2010-06-27,,neutral,,,,
2010-07-04,,neutral,,,,
2010-07-11,,neutral,,,,
2010-07-18,,neutral,,,,
2010-07-25,,neutral,,,,
2010-08-01,,neutral,,,,
2010-08-08,,neutral,,,,
2010-08-15,,neutral,,,,
2010-08-22,,neutral,,,,
2010-08-29,,neutral,,,,
2010-09-05,,neutral,,,,
2010-09-12,,neutral,,,,
2010-09-19,,neutral,,,,
2010-09-26,,neutral,,,,
2010-10-03,,neutral,,,,
2010-10-10,,neutral,,,,
2010-10-17,,neutral,,,,
2010-10-24,0.138575693853274,neutral,0.13203125,0.3448375,0.07855671085417265,0.10098136658780275
2010-10-31,0.2161839533273071,neutral,0.273478835978836,0.39627083333333335,0.12562167271971697,0.0493264100514352
2010-11-07,0.19884746841781678,neutral,0.18557584776334776,0.45773863636363643,0.08352185925468798,0.054256243356080175
2010-11-14,,neutral,,,,
2010-11-21,0.04021233540903811,neutral,0.08140596236116202,0.055666666666666656,0.05485744639817207,0.05940471289472445
2010-11-28,,neutral,,,,
2010-12-05,0.0242856480868567,neutral,0.045795454545454514,0.045825,0.06804100396111604,0.0840434453450143
2010-12-12,,neutral,,,,
2010-12-19,,neutral,,,,
2010-12-26,,neutral,,,,
2011-01-02,,neutral,,,,
2011-01-09,,neutral,,,,
2011-01-16,,neutral,,,,
2011-01-23,,neutral,,,,
2011-01-30,,neutral,,,,
2011-02-06,,neutral,,,,
2011-02-13,,neutral,,,,
2011-02-20,0.2177573926482567,neutral,0.1238595534367593,0.6853499999999999,0.0865526348352432,0.2115800017490983
2011-02-27,,neutral,,,,
2011-03-06,,neutral,,,,
2011-03-13,,neutral,,,,
2011-03-20,,neutral,,,,
2011-03-27,,neutral,,,,
2011-04-03,,neutral,,,,
2011-04-10,0.11053079288751214,neutral,-0.12153869831858964,0.4968,0.06452796142548317,0.07476594951003786
2011-04-17,0.10379866567568614,neutral,0.033512052569344246,0.3455333333333333,0.033415857640405444,0.0829906081159909
2011-04-24,,neutral,,,,
2011-05-01,,neutral,,,,
2011-05-08,0.050800002618597004,neutral,0.09735639435581563,0.18409305555555555,0.04047916845970403,0.2086533302337759
2011-05-15,0.173422248802185,neutral,0.0625,0.5032,0.0977384895086288,0.0791772454977035
2011-05-22,,neutral,,,,
2011-05-29,0.26393926247866084,neutral,0.10460997335997335,0.7004833333333333,0.13739304182430107,0.02533668947095665
2011-06-05,0.20787289896831707,neutral,0.1782703291663865,0.4560444444444445,0.13642331040291872,0.04853097597757969
2011-06-12,0.041837023581255836,neutral,0.11393460648148143,0.056477708333333355,0.08166381001485404,0.12809716433079704
2011-06-19,,neutral,,,,
2011-06-26,,neutral,,,,
2011-07-03,,neutral,,,,
2011-07-10,0.0587867998433323,neutral,0.1306128246753247,0.06729166666666664,0.12230496393749488,0.1252277017338201
2011-07-17,0.053510734703433746,neutral,0.08081730769230765,0.11303333333333329,0.0763485283375932,0.09957081635888565
2011-07-24,,neutral,,,,
2011-07-31,,neutral,,,,
2011-08-07,,neutral,,,,
2011-08-14,,neutral,,,,
2011-08-21,,neutral,,,,
2011-08-28,,neutral,,,,
2011-09-04,,neutral,,,,
2011-09-11,,neutral,,,,
2011-09-18,,neutral,,,,
2011-09-25,,neutral,,,,
2011-10-02,,neutral,,,,
2011-10-09,,neutral,,,,
2011-10-16,,neutral,,,,
2011-10-23,,neutral,,,,
2011-10-30,0.11173206063388684,neutral,0.029552808302808303,0.3049782051282051,0.1723759109870745,0.11551212796416037
2011-11-06,,neutral,,,,
2011-11-13,,neutral,,,,
2011-11-20,,neutral,,,,
2011-11-27,,neutral,,,,
2011-12-04,,neutral,,,,
2011-12-11,,neutral,,,,
2011-12-18,,neutral,,,,
2011-12-25,,neutral,,,,
2012-01-01,0.2982643454902121,neutral,0.16249251549732313,0.8114666666666666,0.0545597858726978,0.024176831667621867
2012-01-08,,neutral,,,,
2012-01-15,,neutral,,,,
2012-01-22,,neutral,,,,
2012-01-29,,neutral,,,,
2012-02-05,,neutral,,,,
2012-02-12,,neutral,,,,
2012-02-19,0.3304531714905301,neutral,0.19444444444444442,0.6978,0.366055188079675,0.0521559972936908
2012-02-26,,neutral,,,,
2012-03-04,,neutral,,,,
2012-03-11,,neutral,,,,
2012-03-18,,neutral,,,,
2012-03-25,,neutral,,,,
2012-04-01,,neutral,,,,
2012-04-08,,neutral,,,,
2012-04-15,,neutral,,,,
2012-04-22,,neutral,,,,
2012-04-29,,neutral,,,,
2012-05-06,,neutral,,,,
2012-05-13,,neutral,,,,
2012-05-20,,neutral,,,,
2012-05-27,,neutral,,,,
2012-06-03,0.05267884610642289,neutral,0.08965496632996628,0.11306422222222223,0.07584931342138182,0.11653386571755009
2012-06-10,,neutral,,,,
2012-06-17,,neutral,,,,
2012-06-24,,neutral,,,,
2012-07-01,-0.03861214472034084,neutral,0.050230880230880216,-0.12370000000000002,0.04531684781735137,0.1281738917653759
2012-07-08,0.12119682101080814,neutral,0.08638888888888885,0.38965,0.0395569475367665,0.14763117581605906
2012-07-15,,neutral,,,,
2012-07-22,,neutral,,,,
2012-07-29,,neutral,,,,
2012-08-05,,neutral,,,,
2012-08-12,,neutral,,,,
2012-08-19,0.2744290373946338,neutral,0.267667297979798,0.6299777777777779,0.06878435666052,0.04310678332371428
2012-08-26,,neutral,,,,
2012-09-02,,neutral,,,,
2012-09-09,,neutral,,,,
2012-09-16,,neutral,,,,
2012-09-23,,neutral,,,,
2012-09-30,,neutral,,,,
2012-10-07,,neutral,,,,
2012-10-14,,neutral,,,,
2012-10-21,,neutral,,,,
2012-10-28,,neutral,,,,
2012-11-04,0.2334949910684675,neutral,0.1937499999999999,0.415725,0.2681896146386862,0.0149271592963486
2012-11-11,0.08832676877051585,neutral,0.071875,0.2294,0.0333676757290959,0.0436463318765163
2012-11-18,,neutral,,,,
2012-11-25,,neutral,,,,
2012-12-02,,neutral,,,,
2012-12-09,,neutral,,,,
2012-12-16,,neutral,,,,
2012-12-23,,neutral,,,,
2012-12-30,,neutral,,,,
2013-01-06,,neutral,,,,
2013-01-13,,neutral,,,,
2013-01-20,,neutral,,,,
2013-01-27,,neutral,,,,
2013-02-03,,neutral,,,,
2013-02-10,,neutral,,,,
2013-02-17,,neutral,,,,
2013-02-24,,neutral,,,,
2013-03-03,,neutral,,,,
2013-03-10,,neutral,,,,
2013-03-17,,neutral,,,,
2013-03-24,0.38505458091750083,neutral,0.26321377799155576,0.7662305555555555,0.39609751055637993,0.014991106289542333
2013-03-31,,neutral,,,,
2013-04-07,-0.04342908681450277,neutral,-0.04729725686570926,0.060948571428571435,0.09205097509104576,0.329673381007853
2013-04-14,,neutral,,,,
2013-04-21,,neutral,,,,
2013-04-28,,neutral,,,,
2013-05-05,,neutral,,,,
2013-05-12,,neutral,,,,
2013-05-19,,neutral,,,,
2013-05-26,,neutral,,,,
2013-06-02,,neutral,,,,
2013-06-09,,neutral,,,,
2013-06-16,,neutral,,,,
2013-06-23,,neutral,,,,
2013-06-30,,neutral,,,,
2013-07-07,,neutral,,,,
2013-07-14,,neutral,,,,
2013-07-21,,neutral,,,,
2013-07-28,,neutral,,,,
2013-08-04,,neutral,,,,
2013-08-11,,neutral,,,,
2013-08-18,,neutral,,,,
2013-08-25,,neutral,,,,
2013-09-01,,neutral,,,,
2013-09-08,,neutral,,,,
2013-09-15,,neutral,,,,
2013-09-22,,neutral,,,,
2013-09-29,,neutral,,,,
2013-10-06,,neutral,,,,
2013-10-13,,neutral,,,,
2013-10-20,,neutral,,,,
2013-10-27,,neutral,,,,
2013-11-03,0.18639435896596276,neutral,0.1655684892328143,0.4020864285714286,0.10102149373186482,0.0205320756084152
2013-11-10,,neutral,,,,
2013-11-17,,neutral,,,,
2013-11-24,,neutral,,,,
2013-12-01,,neutral,,,,
2013-12-08,,neutral,,,,
2013-12-15,,neutral,,,,
2013-12-22,,neutral,,,,
2013-12-29,,neutral,,,,
2014-01-05,,neutral,,,,
2014-01-12,,neutral,,,,
2014-01-19,,neutral,,,,
2014-01-26,,neutral,,,,
2014-02-02,,neutral,,,,
2014-02-09,,neutral,,,,
2014-02-16,,neutral,,,,
2014-02-23,,neutral,,,,
2014-03-02,,neutral,,,,
2014-03-09,,neutral,,,,
2014-03-16,,neutral,,,,
2014-03-23,,neutral,,,,
2014-03-30,,neutral,,,,
2014-04-06,,neutral,,,,
2014-04-13,,neutral,,,,
2014-04-20,,neutral,,,,
2014-04-27,,neutral,,,,
2014-05-04,,neutral,,,,
2014-05-11,,neutral,,,,
2014-05-18,,neutral,,,,
2014-05-25,,neutral,,,,
2014-06-01,,neutral,,,,
2014-06-08,,neutral,,,,
2014-06-15,,neutral,,,,
2014-06-22,,neutral,,,,
2014-06-29,,neutral,,,,
2014-07-06,,neutral,,,,
2014-07-13,,neutral,,,,
2014-07-20,,neutral,,,,
2014-07-27,,neutral,,,,
2014-08-03,,neutral,,,,
2014-08-10,0.09008303764155452,neutral,0.06784821428571423,0.23357499999999995,0.0700344221356014,0.07175405535639984
2014-08-17,,neutral,,,,
2014-08-24,,neutral,,,,
2014-08-31,,neutral,,,,
2014-09-07,,neutral,,,,
2014-09-14,,neutral,,,,
2014-09-21,,neutral,,,,
2014-09-28,,neutral,,,,
2014-10-05,,neutral,,,,
2014-10-12,,neutral,,,,
2014-10-19,,neutral,,,,
2014-10-26,,neutral,,,,
2014-11-02,0.1126894598839941,neutral,0.1217105263157894,0.28535,0.0331658320501446,0.080309322103858
2014-11-09,,neutral,,,,
2014-11-16,,neutral,,,,
2014-11-23,,neutral,,,,
2014-11-30,,neutral,,,,
2014-12-07,,neutral,,,,
2014-12-14,,neutral,,,,
2014-12-21,,neutral,,,,
2014-12-28,,neutral,,,,
2015-01-04,,neutral,,,,
2015-01-11,0.24726634522337998,neutral,0.2507903439153439,0.5575249999999999,0.11330715903184478,0.0894484487879607
2015-01-18,,neutral,,,,
2015-01-25,,neutral,,,,
2015-02-01,,neutral,,,,
2015-02-08,0.0367843904444559,neutral,0.07788464926164065,0.008271874999999974,0.13818438521896795,0.08349721938914928
2015-02-15,,neutral,,,,
2015-02-22,,neutral,,,,
2015-03-01,,neutral,,,,
2015-03-08,,neutral,,,,
2015-03-15,,neutral,,,,
2015-03-22,,neutral,,,,
2015-03-29,,neutral,,,,
2015-04-05,,neutral,,,,
2015-04-12,,neutral,,,,
2015-04-19,,neutral,,,,
2015-04-26,,neutral,,,,
2015-05-03,,neutral,,,,
2015-05-10,,neutral,,,,
2015-05-17,,neutral,,,,
2015-05-24,,neutral,,,,
2015-05-31,,neutral,,,,
2015-06-07,,neutral,,,,
2015-06-14,,neutral,,,,
2015-06-21,,neutral,,,,
2015-06-28,,neutral,,,,
2015-07-05,,neutral,,,,
2015-07-12,,neutral,,,,
2015-07-19,,neutral,,,,
2015-07-26,,neutral,,,,
2015-08-02,0.18214736127377829,neutral,0.21640741720994436,0.5271069444444444,0.040078514534610414,0.24461325064730188
2015-08-09,,neutral,,,,
2015-08-16,,neutral,,,,
2015-08-23,,neutral,,,,
2015-08-30,,neutral,,,,
2015-09-06,,neutral,,,,
2015-09-13,,neutral,,,,
2015-09-20,,neutral,,,,
2015-09-27,,neutral,,,,
2015-10-04,,neutral,,,,
2015-10-11,,neutral,,,,
2015-10-18,0.2887981995593553,neutral,0.10955876888995571,0.8365805,0.0852676496841013,0.060485555222257924
2015-10-25,,neutral,,,,
2015-11-01,,neutral,,,,
2015-11-08,,neutral,,,,
2015-11-15,,neutral,,,,
2015-11-22,,neutral,,,,
2015-11-29,,neutral,,,,
2015-12-06,,neutral,,,,
2015-12-13,,neutral,,,,
2015-12-20,,neutral,,,,
2015-12-27,0.143497383494344,neutral,-0.0336226851851851,0.57125,0.0314751360565424,0.1204291908070445
2016-01-03,0.032959991755778975,neutral,0.05777514528295778,0.09517874999999998,0.04010377626982513,0.10473466041536689
2016-01-10,,neutral,,,,
2016-01-17,,neutral,,,,
2016-01-24,,neutral,,,,
2016-01-31,,neutral,,,,
2016-02-07,,neutral,,,,
2016-02-14,,neutral,,,,
2016-02-21,,neutral,,,,
2016-02-28,,neutral,,,,
2016-03-06,,neutral,,,,
2016-03-13,,neutral,,,,
2016-03-20,,neutral,,,,
2016-03-27,,neutral,,,,
2016-04-03,,neutral,,,,
2016-04-10,,neutral,,,,
2016-04-17,,neutral,,,,
2016-04-24,,neutral,,,,
2016-05-01,,neutral,,,,
2016-05-08,,neutral,,,,
2016-05-15,,neutral,,,,
2016-05-22,0.29049389289526395,neutral,0.3326212522045855,0.5568138888888888,0.15262560649878446,0.03430885366267624
2016-05-29,,neutral,,,,
2016-06-05,,neutral,,,,
2016-06-12,,neutral,,,,
2016-06-19,,neutral,,,,
2016-06-26,,neutral,,,,
2016-07-03,,neutral,,,,
2016-07-10,,neutral,,,,
2016-07-17,,neutral,,,,
2016-07-24,,neutral,,,,
2016-07-31,0.3704995173478126,neutral,0.2533333333333333,0.8628,0.2166901379823684,0.0383925512433052
2016-08-07,,neutral,,,,
2016-08-14,,neutral,,,,
2016-08-21,,neutral,,,,
2016-08-28,,neutral,,,,
2016-09-04,,neutral,,,,
2016-09-11,,neutral,,,,
2016-09-18,,neutral,,,,
2016-09-25,,neutral,,,,
2016-10-02,,neutral,,,,
2016-10-09,,neutral,,,,
2016-10-16,0.2622909965877047,neutral,0.22327471139971136,0.6506687499999999,0.0439099832437932,0.04337019240483635
2016-10-23,0.24267743804282668,neutral,0.2493760307153164,0.5098166666666667,0.148181507275218,0.07358336313405914
2016-10-30,,neutral,,,,
2016-11-06,,neutral,,,,
2016-11-13,,neutral,,,,
2016-11-20,,neutral,,,,
2016-11-27,,neutral,,,,
2016-12-04,,neutral,,,,
2016-12-11,,neutral,,,,
2016-12-18,,neutral,,,,
2016-12-25,,neutral,,,,
2017-01-01,,neutral,,,,
2017-01-08,,neutral,,,,
2017-01-15,,neutral,,,,
2017-01-22,,neutral,,,,
2017-01-29,,neutral,,,,
2017-02-05,,neutral,,,,
2017-02-12,,neutral,,,,
2017-02-19,0.17007250587763836,neutral,0.06253617712662028,0.4980194444444444,0.04743476256003807,0.03790566552844308
2017-02-26,,neutral,,,,
2017-03-05,,neutral,,,,
2017-03-12,,neutral,,,,
2017-03-19,,neutral,,,,
2017-03-26,,neutral,,,,
2017-04-02,,neutral,,,,
2017-04-09,,neutral,,,,
2017-04-16,,neutral,,,,
2017-04-23,,neutral,,,,
2017-04-30,,neutral,,,,
2017-05-07,,neutral,,,,
2017-05-14,,neutral,,,,
2017-05-21,,neutral,,,,
2017-05-28,,neutral,,,,
2017-06-04,,neutral,,,,
2017-06-11,,neutral,,,,
2017-06-18,,neutral,,,,
2017-06-25,,neutral,,,,
2017-07-02,,neutral,,,,
2017-07-09,,neutral,,,,
2017-07-16,,neutral,,,,
2017-07-23,,neutral,,,,
2017-07-30,0.1616800483373816,neutral,0.14008171483292386,0.4713232142857143,0.0479382892538394,0.15664544124488847
2017-08-06,,neutral,,,,
2017-08-13,0.31686910081060626,neutral,0.19696263227513225,0.8280777777777778,0.0810969225234455,0.03431203354977895
2017-08-20,,neutral,,,,
2017-08-27,,neutral,,,,
2017-09-03,,neutral,,,,
2017-09-10,,neutral,,,,
2017-09-17,,neutral,,,,
2017-09-24,0.18093616629530368,neutral,0.13452563226247438,0.45164,0.058363834954798174,0.032931451871991105
2017-10-01,-0.129720084424253,neutral,-0.00747767857142855,-0.265425,0.0309200356714427,0.27016643993556494
2017-10-08,,neutral,,,,
2017-10-15,-0.0021252564960267443,neutral,0.09432316032415992,-0.06411062500000002,0.042416672931156175,0.09836175839752988
2017-10-22,-0.12092486386017177,neutral,0.008171857904000745,-0.2545428571428571,0.036089574652058705,0.2711573950946331
2017-10-29,-0.17185572814067204,neutral,-0.05916666666666664,-0.20740000000000003,0.0329282830158869,0.49235692371924716
2017-11-05,,neutral,,,,
2017-11-12,-0.0050366289913654,neutral,0.0,0.0,0.0322174727916717,0.0574006177484989
2017-11-19,0.17676769155915745,neutral,0.22932759492685967,0.3567883333333333,0.1473843864786128,0.14271982107311482
2017-11-26,,neutral,,,,
2017-12-03,0.035663291144247156,neutral,0.053844190421571354,0.058528571428571444,0.1314173570080172,0.12166004406199563
2017-12-10,0.0122337179258465,neutral,0.0,0.0,0.0738313123583793,0.0126627227291464
2017-12-17,0.1250182944178744,neutral,0.08979712033458924,0.38083479166666667,0.12498902484076094,0.20584542075327283
2017-12-24,0.07515618358426981,neutral,0.11820354405809415,0.258985,0.04169634310528631,0.23169824127107858
2017-12-31,0.19861002923985313,neutral,0.3336111111111111,0.3296333333333333,0.031491446929673296,0.03330796739707383
2018-01-07,0.2443153847472156,neutral,-0.0238095238095238,0.8529,0.031002951785922,0.0530617423355579
2018-01-14,0.24970792713789292,neutral,0.17293518514461492,0.7019000000000001,0.03459168908496693,0.0983048311124245
2018-01-21,0.04786008895028857,neutral,0.0445846490916023,0.21254285714285714,0.03606282201196461,0.18245363661221092
2018-01-28,,neutral,,,,
2018-02-04,,neutral,,,,
2018-02-11,0.007709495516725435,neutral,0.10355197322457381,0.031138333333333344,0.03569670586536324,0.19918468811859683
2018-02-18,0.05452661556135696,neutral,0.20892203035060172,0.125,0.026400472347935005,0.25465044006705284
2018-02-25,-0.0618795880102456,neutral,0.0984203296703296,-0.2953,0.0372179523110389,0.0512963868677616
2018-03-04,0.3344283644358678,neutral,0.2299431818181818,0.9203,0.0348686762154102,0.0880916267633438
2018-03-11,,neutral,,,,
2018-03-18,0.09191917172837827,neutral,0.1356269841269841,0.2644666666666667,0.044897016758720036,0.18544163430730498
2018-03-25,-0.037700736376578156,neutral,0.1220643939393939,-0.11220999999999996,0.034627598896622605,0.2379128716886043
2018-04-01,0.361943756583333,neutral,0.25,0.936,0.048610221594572,0.0178914386779069
2018-04-08,,neutral,,,,
2018-04-15,0.1695113209004835,neutral,0.1181818181818181,0.4404,0.0419068969786167,0.0322230197489261
2018-04-22,,neutral,,,,
2018-04-29,,neutral,,,,
2018-05-06,,neutral,,,,
2018-05-13,0.14767753544172948,neutral,0.09547619047619045,0.34110277777777775,0.12742634976489672,0.04390712493720148
2018-05-20,,neutral,,,,
2018-05-27,,neutral,,,,
2018-06-03,,neutral,,,,
2018-06-10,0.17349147501677234,neutral,0.16747381696786454,0.43416944444444444,0.037147065055453066,0.0721545820900549
2018-06-17,,neutral,,,,
2018-06-24,,neutral,,,,
2018-07-01,,neutral,,,,
2018-07-08,,neutral,,,,
2018-07-15,,neutral,,,,
2018-07-22,0.2942704469171024,neutral,0.0563492063492063,0.9553,0.0341038629412651,0.0802254378795623
2018-07-29,,neutral,,,,
2018-08-05,,neutral,,,,
2018-08-12,,neutral,,,,
2018-08-19,,neutral,,,,
2018-08-26,,neutral,,,,
2018-09-02,,neutral,,,,
2018-09-09,,neutral,,,,
2018-09-16,,neutral,,,,
2018-09-23,,neutral,,,,
2018-09-30,,neutral,,,,
2018-10-07,,neutral,,,,
2018-10-14,,neutral,,,,
2018-10-21,,neutral,,,,
2018-10-28,,neutral,,,,
2018-11-04,,neutral,,,,
2018-11-11,0.4394218641778826,neutral,0.3616666666666666,0.8897,0.3342146178086598,0.0141552969192465
2018-11-18,0.3853746355629373,neutral,0.41196969696969693,0.7193499999999999,0.2477049199356274,0.01781128757548598
2018-11-25,,neutral,,,,
2018-12-02,,neutral,,,,
2018-12-09,,neutral,,,,
2018-12-16,,neutral,,,,
2018-12-23,,neutral,,,,
2018-12-30,,neutral,,,,
2019-01-06,0.2956022455757474,neutral,0.2179165462486,0.7225055555555555,0.09882690043499069,0.031448825262486886
2019-01-13,,neutral,,,,
2019-01-20,,neutral,,,,
2019-01-27,,neutral,,,,
2019-02-03,0.13985849831763977,neutral,0.1520402939809719,0.33668,0.04801819995045655,0.0818061493337154
2019-02-10,0.0605872440425971,neutral,0.08393042273446408,0.2539171052631579,0.06084751120458042,0.26468258298802794
2019-02-17,,neutral,,,,
2019-02-24,,neutral,,,,
2019-03-03,,neutral,,,,
2019-03-10,,neutral,,,,
2019-03-17,,neutral,,,,
2019-03-24,,neutral,,,,
2019-03-31,,neutral,,,,
2019-04-07,,neutral,,,,
2019-04-14,,neutral,,,,
2019-04-21,,neutral,,,,
2019-04-28,,neutral,,,,
2019-05-05,,neutral,,,,
2019-05-12,0.43449657158444166,neutral,0.37397733597571253,0.9051431818181819,0.2718617365780202,0.018059655346653637
2019-05-19,,neutral,,,,
2019-05-26,,neutral,,,,
2019-06-02,,neutral,,,,
2019-06-09,,neutral,,,,
2019-06-16,,neutral,,,,
2019-06-23,,neutral,,,,
2019-06-30,,neutral,,,,
2019-07-07,,neutral,,,,
2019-07-14,,neutral,,,,
2019-07-21,,neutral,,,,
2019-07-28,,neutral,,,,
2019-08-04,0.2775986901168313,neutral,0.22465739741409382,0.6467416666666667,0.12414784786394899,0.04325299340093295
2019-08-11,,neutral,,,,
2019-08-18,,neutral,,,,
2019-08-25,,neutral,,,,
2019-09-01,0.0219524048354992,neutral,-0.1778846153846154,0.2537,0.0347848981618881,0.0387459509074687
2019-09-08,0.06928034357575932,neutral,0.1192508218434406,0.17293125000000004,0.04137372050900008,0.13324511039536444
2019-09-15,,neutral,,,,
2019-09-22,0.15768502468294332,neutral,0.0851785714285714,0.44147500000000006,0.0415273588150739,0.043082592543214525
2019-09-29,,neutral,,,,
2019-10-06,,neutral,,,,
2019-10-13,0.1880523058491945,neutral,0.1,0.5661,0.0198660884052515,0.0787545591592788
2019-10-20,,neutral,,,,
2019-10-27,,neutral,,,,
2019-11-03,0.03716639492479641,neutral,0.08783656451848416,0.06711999999999997,0.04671341081460312,0.09331628296834724
2019-11-10,,neutral,,,,
2019-11-17,,neutral,,,,
2019-11-24,,neutral,,,,
2019-12-01,,neutral,,,,
2019-12-08,,neutral,,,,
2019-12-15,,neutral,,,,
2019-12-22,,neutral,,,,
2019-12-29,0.1124719180236316,neutral,0.12751161356834323,0.2592992063492064,0.0598735299611848,0.07773016971935116
2020-01-05,0.09586651136835175,neutral,0.22736028439153433,0.15305833333333338,0.03708354181920485,0.12837891156474746
2020-01-12,-0.07256335268378264,neutral,0.0,-0.16295000000000004,0.04902125522494309,0.167413018643856
2020-01-19,0.22289572376683353,neutral,0.17031249999999995,0.5453749999999999,0.05892719794064755,0.0179798291064798
2020-01-26,0.10164852784141183,neutral,0.11039682539682533,0.2886666666666667,0.06775990749398864,0.1581125063821673
2020-02-02,0.05537404469682393,neutral,0.1901225571692933,0.11593846153846152,0.041562298814264584,0.22378360339177722
2020-02-09,0.24855990169180764,neutral,0.19733796296296294,0.6282777777777778,0.03535535755670729,0.030979460208780202
2020-02-16,,neutral,,,,
2020-02-23,0.13245595282354883,neutral,0.0479516886882958,0.437375,0.03207538370043035,0.09778565261512989
2020-03-01,,neutral,,,,
2020-03-08,,neutral,,,,
2020-03-15,-0.0040705590248107,neutral,-0.0099999999999999,0.0,0.0424559526145458,0.0478087477385997
2020-03-22,,neutral,,,,
2020-03-29,,neutral,,,,
2020-04-05,,neutral,,,,
2020-04-12,0.1101527052827434,neutral,0.09430757485754918,0.35298545454545455,0.03869333453476425,0.15886935222555287
2020-04-19,,neutral,,,,
2020-04-26,,neutral,,,,
2020-05-03,,neutral,,,,
2020-05-10,,neutral,,,,
2020-05-17,,neutral,,,,
2020-05-24,,neutral,,,,
2020-05-31,,neutral,,,,
2020-06-07,0.15962704781352566,neutral,0.10840410839150631,0.47190000000000004,0.0330539738448957,0.10537489736452695
2020-06-14,,neutral,,,,
2020-06-21,0.1573079135716423,neutral,0.1533804465170143,0.37156388888888886,0.0808403068222105,0.08171724207285373
2020-06-28,0.2652174277231097,neutral,0.34618055555555555,0.5791666666666667,0.08137971100707843,0.1433134057248632
2020-07-05,0.25193033445593854,neutral,0.05374007936507935,0.81595,0.05474212206900115,0.0996255688369274
2020-07-12,,neutral,,,,
2020-07-19,0.32494845272198775,neutral,0.11592714128810379,0.9719000000000001,0.15485625341534612,0.16185470173756275
2020-07-26,,neutral,,,,
2020-08-02,,neutral,,,,
2020-08-09,0.1840328316151367,neutral,0.18882655243182314,0.4564071428571429,0.04581192149115454,0.0934983063489198
2020-08-16,,neutral,,,,
2020-08-23,,neutral,,,,
2020-08-30,0.2635177388871031,neutral,0.17573520589542393,0.7221707142857143,0.05006611299301892,0.0793362988292106
2020-09-06,0.157841885354246,neutral,0.0579983766233766,0.5415249999999999,0.0329628246836364,0.14303846284747118
2020-09-13,0.13923284137137412,neutral,0.11172411826729801,0.416028231292517,0.047145856899164916,0.14261017438201676
2020-09-20,,neutral,,,,
2020-09-27,-0.1397538456368446,neutral,0.06733333333333334,-0.5035999999999999,0.047340404242277104,0.09170963242650029
2020-10-04,,neutral,,,,
2020-10-11,,neutral,,,,
2020-10-18,,neutral,,,,
2020-10-25,,neutral,,,,
2020-11-01,0.18271845138848938,neutral,0.09918880861327209,0.5128946428571428,0.05035119851873737,0.054884118781912856
2020-11-08,,neutral,,,,
2020-11-15,,neutral,,,,
2020-11-22,,neutral,,,,
2020-11-29,,neutral,,,,
2020-12-06,0.19135300735508792,neutral,0.15398989522362763,0.43208703703703705,0.15801984547740877,0.08037020709296616
2020-12-13,,neutral,,,,
2020-12-20,,neutral,,,,
2020-12-27,,neutral,,,,
2021-01-03,,neutral,,,,
2021-01-10,0.06494901105244243,neutral,0.020822172619047574,0.2778,0.07981463056057686,0.20300283422693605
2021-01-17,,neutral,,,,
2021-01-24,0.23823513694770765,neutral,0.17029048698844612,0.66489,0.04674185635522003,0.10833690209935105
2021-01-31,,neutral,,,,
2021-02-07,0.15003692339698854,neutral,0.1700641025641026,0.416375,0.05881754029542203,0.1882915771566331
2021-02-14,,neutral,,,,
2021-02-21,0.06460493040561337,neutral,0.028727523887366893,0.2253074074074074,0.07965794440220898,0.13768568931630362
2021-02-28,,neutral,,,,
2021-03-07,-0.05676742004206996,neutral,0.09433987958718595,-0.17625166666666667,0.030567701968053928,0.1915371215591828
2021-03-14,,neutral,,,,
2021-03-21,0.10458181555349048,neutral,0.060339031898260655,0.3226833333333333,0.05191728007048363,0.1035417501504222
2021-03-28,0.1451249613583087,neutral,0.2299999999999999,0.264,0.0266896337270736,0.0420648269355297
2021-04-04,,neutral,,,,
2021-04-11,,neutral,,,,
2021-04-18,,neutral,,,,
2021-04-25,,neutral,,,,
2021-05-02,0.2424400637130345,neutral,0.1080302768897441,0.6994689393939394,0.10578221613259026,0.10483072199294284
2021-05-09,0.26970764972710515,neutral,0.10859478519013879,0.77447,0.08393987944970524,0.059998808599387554
2021-05-16,-0.018029004065394403,neutral,-0.025,0.03484999999999999,0.025096535682678202,0.13001655600965015
2021-05-23,,neutral,,,,
2021-05-30,,neutral,,,,
2021-06-06,0.32085478748683927,neutral,0.1390526784610168,0.7586777777777777,0.2778046319468153,0.02012637887081058
2021-06-13,0.17609871725364445,neutral,0.059959023895208075,0.427897,0.2061428863927722,0.05743333596736189
2021-06-20,,neutral,,,,
2021-06-27,-0.0083177477121353,neutral,0.0,0.0,0.0187154337763786,0.0603041723370552
2021-07-04,,neutral,,,,
2021-07-11,0.1711600787192583,neutral,0.1458333333333333,0.4125,0.0404145307838916,0.0221141371876001
2021-07-18,0.2558556979744156,neutral,0.17215146920116486,0.5806916666666667,0.22541711973308612,0.07540333366275508
2021-07-25,0.08711710677911093,neutral,0.0911687327663518,0.16146000000000005,0.16349271498620507,0.10685028024017809
2021-08-01,0.3179808413102229,neutral,0.2965277777777778,0.7486333333333333,0.0625527917097012,0.040390251825253104
2021-08-08,,neutral,,,,
2021-08-15,,neutral,,,,
2021-08-22,,neutral,,,,
2021-08-29,,neutral,,,,
2021-09-05,0.1799373456396375,neutral,0.0008928571428571,0.6069,0.05069973506033415,0.06270229257643214
2021-09-12,,neutral,,,,
2021-09-19,,neutral,,,,
2021-09-26,,neutral,,,,
2021-10-03,,neutral,,,,
2021-10-10,,neutral,,,,
2021-10-17,0.04428816441215379,neutral,0.11813716473121232,0.06351888888888892,0.07639441308048033,0.12743767144986323
2021-10-24,0.15695944166976855,neutral,0.15082243121544853,0.3826454545454545,0.05722990886054253,0.07263452915305436
2021-10-31,0.2057878341001543,neutral,0.21428030303030302,0.4106666666666667,0.11424276481072106,0.022724048855403998
2021-11-07,,neutral,,,,
2021-11-14,-0.12441783164492763,neutral,0.038915674744756386,-0.10697142857142859,0.03240836611283672,0.5524138935974666
2021-11-21,0.17365681695879556,neutral,0.10921809838990572,0.5625566666666667,0.049174857884645436,0.18855292067552604
2021-11-28,0.28563744452241485,neutral,0.2519285714285714,0.74244,0.06571226567029949,0.1290779002010822
2021-12-05,0.3393314881311144,neutral,0.1678571428571428,0.9594,0.0858131200075149,0.0800413936376571
2021-12-12,0.24851574849640873,neutral,0.17677522307624347,0.6480285714285714,0.06879160154078681,0.06341855081596538
2021-12-19,,neutral,,,,
2021-12-26,,neutral,,,,
2022-01-02,0.2629747912406922,neutral,0.175,0.624,0.1281690448522567,0.011795088648796
2022-01-09,,neutral,,,,
2022-01-16,,neutral,,,,
2022-01-23,,neutral,,,,
2022-01-30,,neutral,,,,
2022-02-06,-0.008540563689254753,neutral,0.036166416480287046,0.010413472222222215,0.04666815081921711,0.1592408023192547
2022-02-13,,neutral,,,,
2022-02-20,,neutral,,,,
2022-02-27,-0.07898199748452256,neutral,0.004179106827916349,-0.18567,0.0465500797455509,0.16922372741003824
2022-03-06,,neutral,,,,
2022-03-13,0.12884904489598178,neutral,0.04287768732748667,0.4041211111111111,0.05488057916776997,0.08113355234575766
2022-03-20,,neutral,,,,
2022-03-27,,neutral,,,,
2022-04-03,0.38949809968721366,neutral,0.21938504119596552,0.9030733333333334,0.2817584998905659,0.01795556324844552
2022-04-10,0.3802111730639991,neutral,0.2257936507936508,0.9319,0.1783335246145725,0.013818135485053
2022-04-17,0.3707935116318932,neutral,0.1469642544940681,0.95428,0.2201986074447632,0.01809743102639908
2022-04-24,0.1458553277667363,neutral,0.0261111111111111,0.4482,0.0567610375583171,0.0389510653913021
2022-05-01,0.029197886377101724,neutral,0.04287533101818814,0.07263499999999999,0.03906746888533229,0.066343533527106
2022-05-08,0.11161552602162388,neutral,0.12250085788536941,0.292404495262875,0.07398018068722728,0.13826058030147434
2022-05-15,0.07309324751263045,positive,0.09618974176822541,0.19904229781744093,0.07771292502489288,0.15509474684024
2022-05-22,0.08874132028685888,positive,0.09508596071891737,0.22758317660296476,0.07805971368349521,0.11835681823202378
2022-05-29,0.0976939021763922,positive,0.10471918378167648,0.24186723549415143,0.08410679838319611,0.11551691641497686
2022-06-05,0.0872222022823259,positive,0.09365206011445013,0.21876528611076862,0.08362365648860488,0.11613866441480335
2022-06-12,0.09524481216010343,positive,0.09315065965668105,0.24711599511188861,0.0807903010893265,0.11496622244166373
2022-06-19,0.05935241880387502,positive,0.09180911606605274,0.16001519038974346,0.08109231350737243,0.16206667917169154
2022-06-26,0.08924132422202595,positive,0.09568594027874854,0.22586585821235575,0.08612287241102612,0.12224394903755269
2022-07-03,0.08553185659212513,positive,0.08936232268079346,0.22901892553531936,0.08266507087834045,0.13257766024188394
2022-07-10,0.09371631254132,positive,0.09564044727242405,0.24818061574267383,0.085185905623259,0.13233593743930563
2022-07-17,0.09303776268833779,positive,0.09596934103985139,0.24007262197461093,0.08354484536865031,0.12241897644865475
2022-07-24,0.09089586895676198,positive,0.09796253154140794,0.22724619652820355,0.08511955445193221,0.11845330177253943
2022-07-31,0.09734879763517905,positive,0.10081975475669834,0.24846891913133962,0.08597235473164808,0.12316137738780969
2022-08-07,0.10734444093705617,positive,0.10370665901833293,0.27209097407080113,0.08447293893837098,0.11144718388679117
2022-08-14,0.08691189214301971,positive,0.0942504287395262,0.21612318135479705,0.0868955738910669,0.11789652831745313
2022-08-21,0.10278825788733952,positive,0.09811635862962911,0.2586594322486789,0.08389682411475595,0.10511922099552026
2022-08-28,0.10006802696753087,positive,0.09712634831024813,0.2557790692605528,0.08450821399734221,0.11352620551588924
2022-09-04,0.10795195411085771,positive,0.10333516827122459,0.27558729111985497,0.08438919057957268,0.1130131091119033
2022-09-11,0.10426619015905954,positive,0.10015360145163378,0.2684013719886422,0.08553844195635889,0.11703995132147509
2022-09-18,0.09343032074047579,positive,0.09025121035910677,0.24065639455287194,0.08179994399761366,0.1110097476632026
2022-09-25,0.10090096392076739,positive,0.09635737510697168,0.2617509064795048,0.07710755571378228,0.10976515848965993
2022-10-02,0.0915362572142912,positive,0.09643075810748643,0.23736078034903704,0.07954795993241366,0.12255398154574261
2022-10-09,0.09776762728038428,positive,0.100975302391986,0.24932315324201398,0.07816395464198447,0.114773501691063
2022-10-16,0.10779859402464491,positive,0.10276183164992397,0.28124808444066846,0.07942717333923782,0.11644907735190169
2022-10-23,0.09529085765005542,positive,0.09988549906351263,0.2395201252930094,0.07934889958758903,0.11200304787209488
2022-10-30,0.1156213058856546,positive,0.11148836269369553,0.29658534633213207,0.08234296878670977,0.11634700289717805
2022-11-06,0.11242550247065285,positive,0.10340437778163017,0.2924235466959862,0.08447824751470015,0.11609262187786024
2022-11-13,0.0827604353078958,positive,0.09773926340366372,0.2273734305592595,0.07665917671934339,0.15052604112424908
2022-11-20,0.0860056812155782,positive,0.092721148955203,0.2274283444465528,0.08043529384477087,0.13063112786951345
2022-11-27,0.0786780470348968,positive,0.09053002175554078,0.2048984782350231,0.07570011276667049,0.12545262757803224
2022-12-04,0.09202559171387319,positive,0.09806979417564776,0.23376215834238087,0.07914317784779284,0.11676314805546971
2022-12-11,0.10326007639743018,positive,0.10029169566187889,0.266900327845627,0.07497792885826142,0.10946558213236915
2022-12-18,0.08997682868728607,positive,0.09681559030955444,0.2377740292389724,0.0809170966060768,0.13291738249243668
2022-12-25,0.11552431370239023,positive,0.10555221792800185,0.29880153914251084,0.08080029809467766,0.10970936518849518
2023-01-01,0.10786844223871309,positive,0.10551834314364916,0.2783873221396632,0.08097338563941262,0.1174896723708157
2023-01-08,0.10268783796003086,positive,0.1028696075433049,0.25968530748498336,0.08203159719822763,0.11242477994050556
2023-01-15,0.09990164299732121,positive,0.09899724643034681,0.25664976780058807,0.08549135180930294,0.11945365816909918
2023-01-22,0.1109256139129986,positive,0.10091643705969802,0.2892199756406143,0.08308395207850669,0.11366050156398198
2023-01-29,0.11197800306256649,positive,0.09922606051896096,0.2869916859835824,0.07973775238470948,0.09917435682569208
2023-02-05,0.10786640362322249,positive,0.10462437615226639,0.2706848227569254,0.08191732489467903,0.10554910514235415
2023-02-12,0.08880952889128169,positive,0.09372454410354007,0.23062294038096123,0.074107877872205,0.11658146014254832
2023-02-19,0.09403010709955015,positive,0.09868837231285012,0.23494233017414093,0.0820346482028543,0.11233016643559005
2023-02-26,0.1174264853301378,positive,0.10857511916323788,0.294096254523755,0.08687529452011816,0.10374992839991833
2023-03-05,0.09560800635817907,positive,0.09084945609940438,0.24930422472495128,0.07723041134383694,0.10942090078947493
2023-03-12,0.10664786377240854,positive,0.1000828272001232,0.2808616158357108,0.08058995076744588,0.11876729645915401
2023-03-19,0.10209805981185574,positive,0.09719807953598365,0.26191166777705016,0.0889599960534326,0.11713431796370453
2023-03-26,0.09970005130811452,positive,0.09931511812323415,0.24905327815532968,0.08869685932107399,0.112749197198347
2023-04-02,0.10569286347210524,positive,0.10032880070820151,0.2730231230737767,0.07775772523752608,0.10932129354996693
2023-04-09,0.10756953217304249,positive,0.10282243002324384,0.2717149083810106,0.08196113383113839,0.10591948057230746
2023-04-16,0.12359834222556361,positive,0.11032760080454894,0.31317533966309563,0.08604762348292441,0.10331032305657303
2023-04-23,0.11564194904573155,positive,0.10526995516034751,0.29728652780158465,0.08351862076706956,0.10914359998130996
2023-04-30,0.11423422341463015,positive,0.10522487723371203,0.2915214811929313,0.0822553787854863,0.1062037993523005
2023-05-07,0.10411322737524507,positive,0.10202000065914599,0.2632034349962103,0.08438847511521469,0.11165749172202366
2023-05-14,0.10722338176304676,positive,0.1012369611204833,0.28368801147198275,0.07594627301057069,0.11721682308403587
2023-05-21,0.11072394721803738,positive,0.10122894120538689,0.28636909688938506,0.07685792512972282,0.10463524618169377
2023-05-28,0.11819941471328561,positive,0.10086736439337572,0.3080607908124754,0.07916678743437677,0.10156194667672527
2023-06-04,0.1005330994717132,positive,0.09610581931173177,0.2519581263575069,0.08180634138164518,0.10123676252693713
2023-06-11,0.08886487867500643,positive,0.08750651152472307,0.23856315479702117,0.07834274678160202,0.12312285288918606
2023-06-18,0.10598706839772663,positive,0.09820330158411955,0.27776775195261943,0.07824414439358936,0.11226538271006448
2023-06-25,0.11471100610349454,positive,0.10013502090616955,0.29550657178745243,0.07919198785731123,0.09909934638027147
2023-07-02,0.11816645081866324,positive,0.10288186565125883,0.2993398863311179,0.08647968552517159,0.09898005940542046
2023-07-09,0.1017804111066977,positive,0.10011082325078718,0.2570713248308322,0.07566308818966003,0.10253425477860051
2023-07-16,0.12397539462084925,positive,0.10730936009804479,0.3164807381092563,0.08233310348804454,0.09814127769474973
2023-07-23,0.11027807247867112,positive,0.09991881742349937,0.27662751988995193,0.08025565863506873,0.09368480221188999
2023-07-30,0.11716024962397913,positive,0.10667437183582687,0.28657515960759516,0.08492619856692622,0.08899924761216362
2023-08-06,0.11666792605277725,positive,0.09964650675298474,0.301677417124412,0.07705978843636722,0.09570604398857598
2023-08-13,0.11985004911799445,positive,0.1027735972031549,0.30696054034543935,0.0776048966185052,0.09295585735142423
2023-08-20,0.10398750217574536,positive,0.09219821861528354,0.27521682675787573,0.08433875973047991,0.11552381691149191
2023-08-27,0.10475739669178943,positive,0.10411106513461207,0.2638388330776359,0.08246798118752866,0.1106058450469534
2023-09-03,0.11334297036436666,positive,0.10102558779674216,0.290220240559844,0.08214066764797617,0.102294558361022
2023-09-10,0.10413475547306383,positive,0.09752314564223145,0.266607153206249,0.07967861502487492,0.10520028593227644
2023-09-17,0.10602027969107157,positive,0.09439599333094349,0.27816703555400457,0.07393507118963955,0.10267821606170369
2023-09-24,0.10778100303395023,positive,0.10093321280157722,0.27619643176741443,0.07875719550133754,0.10554664718507362
2023-10-01,0.10289123128189362,positive,0.08978955401683948,0.2711877231109636,0.08051383484232465,0.10752359412456103
2023-10-08,0.10500921672256577,positive,0.09901731148865332,0.2641387514735478,0.083622825556433,0.10331083638690564
2023-10-15,0.107068444147497,positive,0.10189623061578439,0.2710997771568458,0.08250604232760993,0.10665783324907009
2023-10-22,0.09093144073552585,positive,0.09044353958334528,0.22876192713462423,0.08254517222482298,0.10669616862414788
2023-10-29,0.10875318463480597,positive,0.09609805670737082,0.274588737398019,0.08795027380208059,0.10021454178613523
2023-11-05,0.11493280021587744,positive,0.10258603961577481,0.28932813349294684,0.08307962702618496,0.09628688560988023
2023-11-12,0.10874393112621579,positive,0.09862439393404268,0.27172410487773263,0.0836325071236746,0.09543559971025842
2023-11-19,0.1123130880462708,positive,0.09583549351477616,0.2916249373789138,0.08030613666294002,0.09993134277212087
2023-11-26,0.10213882763849266,positive,0.09652906987678553,0.2625452565753402,0.08132746908325045,0.10924482056897565
2023-12-03,0.09385783470093098,positive,0.09231769918155731,0.24182757851348383,0.07594862211357163,0.10787736515147832
2023-12-10,0.12073230196890367,positive,0.1048438292860094,0.3091640416836446,0.08406312858915181,0.10141342519911424
2023-12-17,0.11815029143876184,positive,0.1068195539057626,0.30350099413420134,0.0776116475091673,0.10234101237530391
2023-12-24,0.10555562182015849,positive,0.0970635156670725,0.2672468257941055,0.08412364243458861,0.10281104552556314
2023-12-31,0.1248328097007511,positive,0.1146313379548601,0.31644475420817414,0.09426602248152836,0.11671611222232421
2024-01-07,0.1064391100783374,positive,0.09672459647684807,0.28039490355363816,0.07913477849735488,0.11261847815139722
2024-01-14,0.13370940310839585,positive,0.10705597552312864,0.33654704655926587,0.09685714474249656,0.09371466232410901
2024-01-21,0.15514554115974302,positive,0.12278041722373306,0.3860328147203685,0.0991023347664604,0.08659447688389722
2024-01-28,0.11142299616136069,positive,0.10708001565473045,0.2913885385872317,0.08683489239015575,0.12742274294629546
2024-02-04,0.10429437502341395,positive,0.09308124851342119,0.27531036355835165,0.07990095369441497,0.11101649668500434
2024-02-11,0.12201362869026491,positive,0.10233512643999629,0.3179163447406276,0.0828518432912851,0.10316090661089615
2024-02-18,0.13584633308791447,positive,0.11709373080488546,0.33895514764672136,0.09953104873747992,0.10437270097531771
2024-02-25,0.15713876768966173,positive,0.10987634126788717,0.41013921616552274,0.08799962707282888,0.08232912477463483
2024-03-03,0.13620253357603287,positive,0.10056196853463291,0.35656290100740573,0.09593674025368662,0.10061137668658005
2024-03-10,0.14796628231292638,positive,0.10796482871445165,0.39151849625161717,0.08782920370737865,0.09722277959184976
2024-03-17,0.12136217422052581,positive,0.10681568523840791,0.30822828781710315,0.08913642535813207,0.10489151383876959
2024-03-24,0.10963418252125233,positive,0.09604372834605104,0.28370087081124873,0.09097637601768281,0.11242236214737078
2024-03-31,0.15132957272155592,positive,0.12521235389856103,0.386883323996958,0.0884561332911601,0.09995178652665908
2024-04-07,0.15618845235750045,positive,0.12869187871458823,0.3868269846075769,0.09815560632037854,0.09049163951612389
2024-04-14,0.12517927849996777,positive,0.10308144588883669,0.3258976814894429,0.09222159326758037,0.10979389183516089
2024-04-21,0.143445185196952,positive,0.12240861533404297,0.3733568260179825,0.09763970239818814,0.1240619384414661
2024-04-28,0.10400491810748429,positive,0.09115028371841408,0.2852802533716604,0.0758073437234924,0.12042855882118257
2024-05-05,0.12689076247333084,positive,0.0954380962280414,0.36753950554380477,0.0726875415816155,0.13270013187273053
2024-05-12,0.0841422870081542,positive,0.10076320964165972,0.21984883371497677,0.07359532646686566,0.13380195646104942
2024-05-19,0.1520413470949193,positive,0.12818516195767418,0.38613900658156786,0.08530559476792991,0.09658511210219634
2024-05-26,0.1511759037730056,positive,0.1197788786142092,0.41534430327442007,0.07913134694615909,0.12593660091407494
2024-06-02,0.15885179409667488,positive,0.12361335793668535,0.42950549863123894,0.08149085514640399,0.11691016951491578
2024-06-09,0.15065869816293145,positive,0.1132585269825288,0.3836480892425669,0.09245544061592392,0.08452187413890999
2024-06-16,0.1287070962897383,positive,0.1045395991096178,0.326968958368118,0.09668789287564103,0.10041524764355321
2024-06-23,0.16068943016237408,positive,0.12720255547366358,0.4053678953573678,0.09650311757263383,0.09191164300731021
2024-06-30,0.09598821668713833,positive,0.1039726853758841,0.24242793017596823,0.07191049967631401,0.1115703395684008
2024-07-07,0.1286689235919006,positive,0.10251276401267953,0.3339657325521195,0.09475769227581063,0.106130819163506
2024-07-14,0.1103127063764063,positive,0.11398557741091966,0.28167404393731266,0.08014566104353245,0.12207156118384932
2024-07-21,0.1095431943499733,positive,0.09934814805376664,0.30473411043177656,0.08827462208492093,0.14668203806336902
2024-07-28,0.12492901413550851,positive,0.11547195231399987,0.3247214561646101,0.08230150626088309,0.1179465483012555
2024-08-04,0.12687803665071248,positive,0.1051649396115471,0.3282683788302723,0.09361737321912345,0.1093771676282901
2024-08-11,0.12209870327524093,positive,0.09073721944194715,0.3412203165025166,0.082173713370137,0.11961650091062787
2024-08-18,0.108104753856548,neutral,0.11268009322731114,0.28969710121624404,0.0723739253163422,0.135415947698935
2024-08-25,0.13963211634329653,positive,0.10918338724964295,0.38481283580355613,0.08336391573947094,0.1261976686027868
2024-09-01,0.11955319588029764,neutral,0.1138420722443425,0.2812709719706553,0.08921888817711848,0.08412247509812688
2024-09-08,0.13210591545362363,neutral,0.12904032149652028,0.3339699826577246,0.0765336420243705,0.11051952098761961
2024-09-15,0.1216141737204271,positive,0.1035159786763218,0.28930654249062904,0.10076317919901188,0.08192609234730246
2024-09-22,0.13609070160199183,positive,0.12011606195508247,0.3306850902689625,0.10284553517684665,0.09859375550295481
2024-09-29,0.13838624714370656,positive,0.11814310815778403,0.36039664130275045,0.07917851454803214,0.10505690302030098
2024-10-06,0.08541406922080863,positive,0.10326459902413641,0.23195932485536147,0.0890849904987622,0.16485053021396587
2024-10-13,0.1164089312433728,positive,0.09895517761506255,0.3045864449417599,0.09294899217150801,0.1162167697898776
2024-10-20,0.11063642480074813,neutral,0.10870376339139382,0.28962337819185646,0.07809321691982671,0.1224018052909613
2024-10-27,0.16083171622412418,positive,0.10929695319032061,0.43917709840487673,0.09463125362961153,0.11318374990178656
2024-11-03,0.1252380032823628,positive,0.10654403534683678,0.32424740284195613,0.08663888885743563,0.10663602972881095
2024-11-10,0.17179861277011418,neutral,0.1088460084140556,0.44828054053656097,0.11203599983914342,0.08873275941449728
2024-11-17,0.13274239848890618,positive,0.10383847227681321,0.35219198118716416,0.10987596747470647,0.13020965522614153
2024-11-24,0.20142284009828343,positive,0.13772804401182254,0.510112916759517,0.11639220551005802,0.08103944617565
2024-12-01,0.13703680461093196,positive,0.11134049134922681,0.34309086444799364,0.11091923375989178,0.10738224440106262
2024-12-08,0.17259767371913182,positive,0.10493253384264802,0.4471214286790473,0.1395713103678338,0.10466388555471766
2024-12-15,0.1842804069559267,positive,0.1260143075914676,0.47437686037583116,0.11575041866708329,0.09493513583839766
2024-12-22,0.1607112118761223,positive,0.13308744777408363,0.4193149729767017,0.09291433416830454,0.11796190591387098
2024-12-29,0.15959669989707773,positive,0.12975498200977842,0.4109719738308623,0.08088122293762073,0.09398815721319309
2025-01-05,0.21407397803867106,positive,0.13691362814059488,0.5399344589710701,0.1280611071298627,0.07296334760400477
2025-01-12,0.13039470584221532,positive,0.11277510282926596,0.3456277243258419,0.08766114506314933,0.12329185658473436
2025-01-19,0.14374743451041058,positive,0.11686844990960771,0.36718636470710525,0.09690692505877989,0.10425197443179646
2025-01-26,0.1495728576142211,positive,0.14039002128830894,0.37758572333527424,0.0803812129561776,0.10948054182044697
2025-02-02,0.1411659062660233,positive,0.11853070923281504,0.365503261763489,0.08002679681040388,0.10024822197474342
2025-02-09,0.11436678861806607,positive,0.13543560030732582,0.30246111245260926,0.06869754900604719,0.15370867505561941
2025-02-16,0.15218577194932392,positive,0.11299096782013152,0.39510368413299657,0.0889444211385278,0.09015753932160037
2025-02-23,0.14915360128401492,positive,0.1205675363548203,0.3911443139738336,0.07223287154701871,0.09403264061992492
2025-03-02,0.10994885243524667,positive,0.10482485922093449,0.2824951210922411,0.0736628238211878,0.10489853211471771
2025-03-09,0.12168960165964168,positive,0.11342904757798028,0.31215718473816656,0.09823247201798356,0.12816381219399542
2025-03-16,0.14081580471930794,positive,0.11995492180533202,0.35556073366957336,0.08441068518674923,0.09360514480256758
2025-03-23,0.1569931975481918,positive,0.12559316865646156,0.41209965549856303,0.07204057102724835,0.09361381951882615
2025-03-30,0.12320311357753581,neutral,0.12976544185343997,0.26544084228734227,0.0933874672651063,0.07018132558860044
2025-04-06,0.09896110580495752,neutral,0.13440211193837262,0.16170125,0.09473206449765707,0.044081578380428206
2025-04-13,0.034288586187972266,neutral,0.005681818181818166,0.07991666666666668,0.07555596996098751,0.03251076629385349
